{
    "documents":"https://www.google.com/search?q=site:{}%20ext%3Adoc%20%7C%20ext%3Adocx%20%7C%20ext%3Aodt%20%7C%20ext%3Artf%20%7C%20ext%3Asxw%20%7C%20ext%3Apsw%20%7C%20ext%3Appt%20%7C%20ext%3Apptx%20%7C%20ext%3Apps%20%7C%20ext%3Acsv",
    "directory_list":"https://www.google.com/search?q=site:{}%20intitle%3Aindex.of",
    "config_files":"https://www.google.com/search?q=site:{}%20ext%3Axml%20%7C%20ext%3Aconf%20%7C%20ext%3Acnf%20%7C%20ext%3Areg%20%7C%20ext%3Ainf%20%7C%20ext%3Ardp%20%7C%20ext%3Acfg%20%7C%20ext%3Atxt%20%7C%20ext%3Aora%20%7C%20ext%3Aini%20%7C%20ext%3Aenv",
    "database_files":"https://www.google.com/search?q=site:{}%20ext%3Asql%20%7C%20ext%3Adbf%20%7C%20ext%3Amdb",
    "log_files":"https://www.google.com/search?q=site:{}%20ext%3Alog",
    "backup_and_old_files":"https://www.google.com/search?q=site:{}%20ext%3Abkf%20%7C%20ext%3Abkp%20%7C%20ext%3Abak%20%7C%20ext%3Aold%20%7C%20ext%3Abackup",
    "login_pages":"https://www.google.com/search?q=site:{}%20inurl%3Alogin%20%7C%20inurl%3Asignin%20%7C%20intitle%3ALogin%20%7C%20intitle%3A%22sign%20in%22%20%7C%20inurl%3Aauth",
    "sqlerros":"https://www.google.com/search?q=site:{}%20intext%3A%22sql%20syntax%20near%22%20%7C%20intext%3A%22syntax%20error%20has%20occurred%22%20%7C%20intext%3A%22incorrect%20syntax%20near%22%20%7C%20intext%3A%22unexpected%20end%20of%20SQL%20command%22%20%7C%20intext%3A%22Warning%3A%20mysql_connect%28%29%22%20%7C%20intext%3A%22Warning%3A%20mysql_query%28%29%22%20%7C%20intext%3A%22Warning%3A%20pg_connect%28%29%22",
    "phperros_warnings":"https://www.google.com/search?q=site:{}%20%22PHP%20Parse%20error%22%20%7C%20%22PHP%20Warning%22%20%7C%20%22PHP%20Error%22",
    "phpinfo":"https://www.google.com/search?q=site:{}%20ext%3Aphp%20intitle%3Aphpinfo%20%22published%20by%20the%20PHP%20Group%22",
    "searchpastebin_pasting_sites":"https://www.google.com/search?q=site%3Apastebin.com%20%7C%20site%3Apaste2.org%20%7C%20site%3Apastehtml.com%20%7C%20site%3Aslexy.org%20%7C%20site%3Asnipplr.com%20%7C%20site%3Asnipt.net%20%7C%20site%3Atextsnip.com%20%7C%20site%3Abitpaste.app%20%7C%20site%3Ajustpaste.it%20%7C%20site%3Aheypasteit.com%20%7C%20site%3Ahastebin.com%20%7C%20site%3Adpaste.org%20%7C%20site%3Adpaste.com%20%7C%20site%3Acodepad.org%20%7C%20site%3Ajsitor.com%20%7C%20site%3Acodepen.io%20%7C%20site%3Ajsfiddle.net%20%7C%20site%3Adotnetfiddle.net%20%7C%20site%3Aphpfiddle.org%20%7C%20site%3Aide.geeksforgeeks.org%20%7C%20site%3Arepl.it%20%7C%20site%3Aideone.com%20%7C%20site%3Apaste.debian.net%20%7C%20site%3Apaste.org%20%7C%20site%3Apaste.org.ru%20%7C%20site%3Acodebeautify.org%20%20%7C%20site%3Acodeshare.io%20%7C%20site%3Atrello.com%20%22{}%22",
    "searchgithub_and_gitlab":"https://www.google.com/search?q=site%3Agithub.com%20%7C%20site%3Agitlab.com%20%22{}%22",
    "search_stackoverflow":"https://www.google.com/search?q=site%3Astackoverflow.com%20%22{}%22",
    "signup_pages":"https://www.google.com/search?q=site%3A{}%20inurl%3Asignup%20%7C%20inurl%3Aregister%20%7C%20intitle%3ASignup",
    "news":"https://www.google.com/search?q=site%3A{}%20inurl:newsitem.php?num= andinurl:index.php?id=",
    "trainers":"https://www.google.com/search?q=site%3A{}%20inurl:trainers.php?id=",
    "buy":"https://www.google.com/search?q=site%3A{}%20inurl:buy.php?category=",
    "article":"https://www.google.com/search?q=site%3A{}%20inurl:article.php?ID=",
    "play":"https://www.google.com/search?q=site%3A{}%20inurl:play_old.php?id=",
    "declaration":"https://www.google.com/search?q=site%3A{}%20inurl:declaration_more.php?decl_id=",
    "page":"https://www.google.com/search?q=site%3A{}%20inurl:pageid=",
    "games":"https://www.google.com/search?q=site%3A{}%20inurl:games.php?id=",
    "pagephp":"https://www.google.com/search?q=site%3A{}%20inurl:page.php?file=",
    "newsdetail":"https://www.google.com/search?q=site%3A{}%20inurl:newsDetail.php?id=",
    "gallery":"https://www.google.com/search?q=site%3A{}%20inurl:gallery.php?id=",
    "articlephp":"https://www.google.com/search?q=site%3A{}%20inurl:article.php?id=",
    "showphp":"https://www.google.com/search?q=site%3A{}%20inurl:show.php?id=",
    "staff":"https://www.google.com/search?q=site%3A{}%20inurl:staff_id=",
    "newsitem":"https://www.google.com/search?q=site%3A{}%20inurl:newsitem.php?num=",
    "viewerlive":"https://www.google.com/search?q=site%3A{}%20inurl: 1051/viewer/live/index.html?lang=en",
    "inurl":"https://www.google.com/search?q=site%3A{}%20inurl: inurl:\"view.shtml\" ext:shtml",
    "password":"https://www.google.com/search?q=site%3A{}%20inurl:\"/?q=user/password/\"",
    "cgi-bin":"https://www.google.com/search?q=site%3A{}%20inurl:\"/cgi-bin/guestimage.html\" \"Menu\"",
    "infophp":"https://www.google.com/search?q=site%3A{}%20inurl:\"/php/info.php\" \"PHP Version\"",
    "phpmyadmin":"https://www.google.com/search?q=site%3A{}%20inurl:\/phpmyadmin/user_password.php",
    "servicedesk":"https://www.google.com/search?q=site%3A{}%20inurl:\"servicedesk/customer/user/login\"",
    "viewnetwork":"https://www.google.com/search?q=site%3A{}%20inurl:\"view.shtml\" \"Network\"",
    "viewcamera":"https://www.google.com/search?q=site%3A{}%20inurl:\"view.shtml\" \"camera\"",
    "woocommerce":"https://www.google.com/search?q=site%3A{}%20inurl:\"woocommerce-exporter\"",
    "register":"https://www.google.com/search?q=site%3A{}%20inurl:/?op=register",
    "viewvideo":"https://www.google.com/search?q=site%3A{}%20inurl:/Jview.htm + \"View Video - Java Mode\"",
    "intextzoom":"https://www.google.com/search?q=site%3A{}%20inurl:/Jview.htm + intext:\"Zoom :\"",
    "adfs":"https://www.google.com/search?q=site%3A{}%20inurl:/adfs/ls/?SAMLRequest",
    "adfsls":"https://www.google.com/search?q=site%3A{}%20inurl:/adfs/ls/idpinitiatedsignon",
    "adfsoauth2":"https://www.google.com/search?q=site%3A{}%20inurl:/adfs/oauth2/authorize",
    "cgi-binmainlist":"https://www.google.com/search?q=site%3A{}%20inurl:/cgi-bin/manlist?section",
    "eftclient":"https://www.google.com/search?q=site%3A{}%20inurl:/eftclient/account/login.htm",
    "homej":"https://www.google.com/search?q=site%3A{}%20inurl:/homej.html?",
    "indexhtml":"https://www.google.com/search?q=site%3A{}%20inurl:/index.html?size=2&mode=4",
    "pro_users":"https://www.google.com/search?q=site%3A{}%20inurl:/pro_users/login",
    "wp-content":"https://www.google.com/search?q=site%3A{}%20inurl:/wp-content/themes/altair/",
    "xprober":"https://www.google.com/search?q=site%3A{}%20inurl:/xprober ext:php",
    "popup_upload":"https://www.google.com/search?q=site%3A{}%20inurl:RichWidgets/Popup_Upload.aspx",
    "sitefinity":"https://www.google.com/search?q=site%3A{}%20inurl:Sitefinity/Authenticate/SWT",
    "wctx":"https://www.google.com/search?q=site%3A{}%20inurl:adfs inurl:wctx inurl:wtrealm -microsoft.com",
    "authorization":"https://www.google.com/search?q=site%3A{}%20inurl:authorization.ping",
    "trello":"https://www.google.com/search?q=site%3A{}%20inurl:https://trello.com AND intext:@gmail.com AND intext:password",
    "authuser":"https://www.google.com/search?q=site%3A{}%20inurl:idp/Authn/UserPassword",
    "prpwsf":"https://www.google.com/search?q=site%3A{}%20inurl:idp/prp.wsf",
    "loginseam":"https://www.google.com/search?q=site%3A{}%20inurl:login.seam",
    "idff":"https://www.google.com/search?q=site%3A{}%20inurl:nidp/idff/sso",
    "authorize":"https://www.google.com/search?q=site%3A{}%20inurl:oidc/authorize",
    "opac_css":"https://www.google.com/search?q=site%3A{}%20inurl:opac_css",
    "webloginVPN":"https://www.google.com/search?q=site%3A{}%20inurl:weblogin intitle:(\"USG20-VPN\"|\"USG20W-VPN\"|USG40|USG40W|USG60|"
}
